French,English
un,A
en,in
le,THE
et,And
de,of
avoir,to have
que,that
ne,born
dans,In
ce,This
il,he
qui,Who
pas,not
pour,For
sur,on
se,se
son,her
plus,more
pouvoir,power
par,by
je,I
avec,with
tout,All
faire,TO DO
nous,We
mettre,put
autre,other
on,we
mais,but
leur,their
comme,as
ou,Or
si,if
avant,Before
y,y
dire,say
elle,She
devoir,duty
donner,give
deux,two
prendre,take
aussi,Also
celui,the one
bien,GOOD
cela,that
fois,times
vous,YOU
encore,Again
vouloir,to want
nouveau,new
aller,go
entre,between
premier,first
aucun,none
grand,big
mon,My
me,me
moins,less
quelque,some
lui,him
temps,time
savoir,know
falloir,to need
voir,see
notre,OUR
sans,without
dont,of which
raison,reason
monde,world
non,No
monsieur,Sir
an,year
jour,day
trouver,find
demander,ask
alors,SO
venir,come
personne,person
rendre,give back
part,go
dernier,last
lequel,which
pendant,during
passer,pass
peu,little
depuis,Since
suite,following
bon,Good
comprendre,to understand
rester,stay
point,point
ainsi,Thus
heure,hour
toujours,always
tenir,hold
porter,to carry
parler,talk
seul,alone
montrer,to show
certain,certain
fort,strong
tu,you
continuer,continue
pays,country
fin,END
penser,think
lieu,place
partie,part
quand,When
trois,three
contre,against
sous,below
ensemble,together
chose,thing
enfant,child
suivre,follow
cause,cause
place,place
seulement,only
moi,Me
vie,life
politique,policy
jusque,until
croire,believe
homme,man
cas,case
commencer,to start
compter,count
fait,do
tel,such
petit,little
question,question
donc,SO
quel,what
entendre,hear
beaucoup,a lot
chaque,each
droit,right
moment,moment
travail,work
femme,women
attendre,to wait for
remettre,to put back
jeune,young
permettre,allow
occuper,to occupy
gouvernement,government
eux,them
appeler,to call
devenir,become
partir,leave
soit,either
ici,here
rien,Nothing
plan,plan
cours,course
nom,name
famille,family
effet,effect
affaire,affair
arriver,arrive
servir,serve
mois,month
jamais,Never
car,because
possible,possible
tant,so much
vers,towards
besoin,need
revenir,to come back
sembler,seem
moyen,AVERAGE
groupe,band
rapport,report
maintenant,NOW
pourquoi,Why
meilleur,best
vue,view
trop,too much
laisser,to leave
ordre,order
devant,in front
recevoir,receive
long,long
service,service
ministre,minister
vivre,live
chez,at the house of
te,you
rappeler,remind
face,face
accepter,accept
agir,to act
simple,simple
votre,your
important,important
mieux,better
plusieurs,several
jouer,play
mot,word
poser,to set down
situation,situation
offrir,to offer
force,strength
national,national
projet,project
ni,neither
choisir,choose
toucher,to touch
train,train
aujourd'hui,Today
comment,how
puis,Then
gens,people
propre,own
surtout,Above all
aimer,to like
sens,sense
selon,according to
semaine,week
ci,this
retrouver,find
nombre,number
perdre,lose
quatre,four
compte,account
expliquer,explain
ouvrir,open
gagner,earn
exemple,example
lorsque,when
mesure,measure
histoire,history
ville,city
ensuite,Next
guerre,war
loi,law
haut,high
refuser,refuse
bureau,desk
exister,exist
quant,as to
mort,dead
mal,wrong
mauvais,bad
condition,condition
lire,read
changer,to change
oui,Yes
public,audience
humain,human
international,international
cinq,five
travailler,to work
souvent,often
vrai,TRUE
madame,Mrs
jeu,game
quoi,What
entreprise,business
coup,cut
difficile,difficult
or,gold
assurer,ensure
essayer,to try
juste,just
social,social
million,million
sortir,to go out
terme,term
longtemps,a long time
reprendre,to resume
prix,price
mener,carry out
information,information
courant,fluent
appartenir,belong
assez,enough
chacun,each
concerner,concern
maison,House
d'abord,First of all
risquer,risk
niveau,level
rencontrer,meet
ton,your
apprendre,learn
obtenir,get
chercher,seek
entrer,enter
proposer,to propose
clair,clear
programme,program
loin,far
ligne,line
apporter,bring
libre,free
utiliser,to use
atteindre,reach
tenter,to attempt
enfin,Finally
sorte,sort
cependant,However
tard,late
importer,import
action,action
relation,relationship
sujet,subject
livre,book
ajouter,add
ailleurs,elsewhere
vraiment,Really
recherche,research
reste,stay
doute,doubt
produire,produce
forme,shape
nombreux,many
dix,ten
produit,product
relever,raise
peuple,people
second,second
minute,minute
prochain,next
autant,as much
position,position
chef,chief
particulier,particular
effort,effort
parmi,among
membre,member
tirer,to pull
beau,beautiful
plein,full
juger,judge
ancien,ancient
personnel,staff
titre,title
soir,evening
parti,left
unique,unique
souhaiter,to wish
afin,in order to
objet,object
engager,engage
peine,penalty
parfois,Sometimes
lors,during
aider,help
terminer,to end
base,base
main,hand
voix,voice
retour,back
occasion,occasion
gros,fat
regarder,look
plupart,mostly
terre,earth
valoir,to be worth
dollar,dollar
confiance,trust
choix,choice
page,page
notamment,notably
type,kind
but,aim
chance,chance
grave,severe
prise,socket
matin,Morning
remplacer,replace
avancer,move forward
six,six
valeur,value
principe,principle
entier,entire
aide,help
marquer,to mark
pourtant,Yet
commission,commission
cesser,cease
poursuivre,pursue
maintenir,maintain
principal,main
exprimer,express
ami,friend
bas,down
avenir,future
argent,money
imposer,impose
mise,putting
eau,water
sauf,except
milieu,medium
presque,almost
attention,attention
cadre,frame
lettre,letter
mouvement,movement
former,form
conduire,to drive
poste,job
demande,request
futur,future
acte,act
priver,deprive
constituer,constitute
centre,center
milliard,billion
lier,bind
obliger,to obligate
accord,agreement
craindre,to fear
oublier,forget
propos,about
quitter,to leave
bout,end
population,population
responsable,responsible
route,road
lancer,throw
toi,You
fonction,function
emploi,job
objectif,objective
limite,limit
journal,newspaper
annoncer,announce
tour,round
envoyer,send
puisque,since
changement,change
garder,keep
partager,share
interdire,to forbid
finir,finish
placer,to place
payer,pay
esprit,spirit
domaine,domain
diriger,direct
sentir,feel
nature,nature
charger,load
noter,to note
parent,parent
tomber,to fall
mondial,global
court,short
disposer,dispose
parole,speech
fond,bottom
public,audience
faux,fake
genre,gender
retenir,retain
sein,breast
parvenir,achieve
corps,body
appel,call
organisation,organization
secteur,sector
noir,black
double,double
nation,nation
conseil,advice
soutenir,sustain
paix,peace
convaincre,convince
partout,everywhere
direction,direction
manquer,miss
actuel,current
opposer,oppose
nuit,night
d'ailleurs,Besides
traiter,to treat
indiquer,indicate
signifier,mean
technique,technical
rapidement,quickly
autour,around
tuer,kill
riche,rich
rue,Street
bref,Short
violence,violence
article,article
nommer,appoint
gauche,LEFT
solution,solution
voie,way
durer,last
canadien,canadian
erreur,error
livrer,deliver
capable,able
simplement,simply
souvenir,memory
large,wide
local,local
contraire,opposite
inviter,invite
pied,foot
mission,assignment
fille,girl
texte,text
chambre,bedroom
prouver,prove
acheter,buy
profiter,enjoy
production,production
ignorer,ignore
directeur,director
justice,justice
fixer,to stare
croissance,growth
risque,risk
souffrir,suffer
estimer,to estimate
endroit,place
impossible,impossible
arme,armed
amener,to bring
viser,to aim
retirer,withdraw
preuve,evidence
image,picture
date,date
travers,through
total,total
conserver,preserve
campagne,campaign
tourner,turn
participer,participate
vieux,old
accorder,to agree
respecter,respect
passage,passage
essentiel,essential
adopter,adopt
rapide,fast
environ,approximately
admettre,admit
subir,undergo
assister,to assist
affirmer,affirm
couvrir,cover
financier,financial
processus,process
militaire,military
frais,costs
soumettre,submit
industrie,industry
porte,door
victime,victim
territoire,territory
pauvre,poor
taux,rate
cent,hundred
constater,notice
prononcer,pronounce
organiser,organize
blanc,white
origine,origin
vendre,sell
vite,quickly
signe,sign
dangereux,dangerous
importance,importance
suffire,suffice
espoir,hope
davantage,any further
langue,language
mourir,die
faible,weak
employer,to employ
saisir,to input
accompagner,to accompany
actuellement,Currently
union,union
supposer,assume
ceci,this
exiger,require
intervenir,to intervene
fils,son
d'accord,All right
fournir,provide
abandonner,give up
discuter,discuss
battre,beat
pire,worse
adresser,address
intervention,intervention
avis,notice
demeurer,remain
chiffre,figure
consacrer,devote
attirer,attract
divers,miscellaneous
appliquer,apply
frapper,hit
peur,fear
parlement,parliament
remplir,fill
forcer,force
lutte,struggle
naturel,natural
air,air
auteur,author
fermer,close
heureux,happy
crise,crisis
publier,publish
toutefois,however
pousser,push
quelqu'un,someone
discours,speech
banque,bank
instant,moment
reposer,to rest
opinion,opinion
classe,class
commun,common
compagnie,company
intention,intention
anglais,English
feu,fire
satisfaire,satisfy
observer,observe
neuf,nine
construire,build
durant,during
secret,secret
plaisir,pleasure
message,message
proposition,proposal
combien,How much
dossier,case
absence,absence
cher,Dear
plaire,to please
connaissance,awareness
nul,null
signer,sign
couper,cut
salle,room
situer,locate
souligner,emphasize
source,source
crime,crime
installer,install
facile,easy
augmenter,increase
respect,respect
impression,impression
octobre,october
police,police
contrat,CONTRACT
normal,normal
attitude,attitude
formation,training
lever,lift
proche,close
direct,direct
faute,mistake
figurer,figure
pratique,practical
finalement,Ultimately
allemand,German
pression,pressure
imaginer,imagine
champ,field
film,movie
charge,charge
envisager,consider
ressource,resource
monter,to go up
promettre,to promise
motion,motion
concentrer,focus
commune,common
composer,compose
chemin,path
zone,area
province,province
exactement,Exactly
conflit,conflict
hors,out
terrain,ground
mars,March
tellement,such
usage,use
demain,tomorrow
hier,yesterday
confier,entrust
remarquer,to remark
espace,space
condamner,condemn
capital,capital
lien,link
voiture,car
discussion,discussion
huit,eight
justifier,justify
agent,agent
sentiment,feeling
directement,directly
limiter,restrict
raconter,tell
honorable,honorable
contact,contact
conclure,conclude
euh,uh
ouvert,open
investissement,investment
insister,insist
fruit,fruit
avantage,advantage
historique,historical
probablement,probably
voyage,journey
sept,seven
marche,walk
garde,guard
commercial,commercial
critique,critical
baisser,lower
culture,culture
cacher,hide
somme,sum
exposer,expose
mer,sea
rapporter,report
appuyer,press
client,customer
rentrer,to return
civil,civil
liste,list
juin,June
danger,hazard
complexe,complex
commerce,trade
transport,transportation
institution,institution
janvier,January
attente,waiting
mai,may
septembre,september
environnement,environment
franc,franc
positif,positive
scientifique,scientist
papier,paper
expression,expression
disposition,arrangement
carte,map
association,association
protection,protection
budget,budget
fonder,found
structure,structure
commander,order
exercer,exercise
amour,love
manifester,manifest
menacer,threaten
conseiller,advise
complet,complete
opposition,opposition
maladie,disease
outre,besides
tandis,while
construction,construction
bande,band
signal,signal
rejeter,dismiss
novembre,november
fonds,funds
voisin,neighbor
presse,press
rouge,red
autoriser,to allow
effectuer,perform
reprise,reprise
central,central
faveur,favor
officiel,official
document,document
bord,edge
retourner,return
professionnel,professional
aspect,appearance
animal,animal
utile,useful
inscrire,register
concurrence,competition
auparavant,previously
mille,thousand
absolument,absolutely
prison,prison
rejoindre,join
confirmer,confirm
salaire,salary
lecture,reading
revenu,income
attaquer,tackle
table,table
remonter,go back up
certes,certainly
contribuer,contribute
autrement,otherwise
ferme,farm
lourd,heavy
susciter,to stimulate
avril,april
dur,hard
application,application
lutter,to struggle against
profit,profit
contenir,contain
communication,communication
jugement,judgement
manque,lack
modifier,to modify
traverser,to cross
transformer,transform
engagement,commitment
mardi,Tuesday
vote,vote
renvoyer,send back
regretter,to regret
recommandation,recommendation
consister,consist
rencontre,encounter
surprendre,surprise
circonstance,circumstance
administration,administration
vert,Green
combat,fight
sensible,sensitive
malade,sick
merci,THANKS
vitesse,speed
visite,visit
puissance,power
certainement,certainly
contenter,satisfy
perte,loss
citoyen,citizen
citer,to quote
partenaire,partner
camp,camp
vendredi,Friday
avance,advance
destiner,destin
influence,influence
nord,north
lundi,Monday
interroger,question
causer,cause
vente,sale
ramener,to bring back
soldat,soldier
provoquer,to provoke
concevoir,design
poids,weight
voici,here is
moindre,lesser
convenir,suit
examiner,examine
soin,care
mesurer,measure
traitement,treatment
jeudi,THURSDAY
impliquer,involve
logique,logic
individu,individual
demi,half
combattre,combat
violent,violent
science,science
suivant,following
emprunter,borrow
conscience,awareness
comporter,include
sang,blood
millier,thousand
emporter,take away
initiative,initiative
traduire,translate
vif,lively
exact,exact
exception,exception
doubler,double
mode,fashion
industriel,industrial
musique,music
gestion,management
honneur,honor
vaste,vast
tendre,tender
physique,physical
accuser,to accuse
parfaitement,perfectly
fonctionner,function
envers,towards
distribuer,distribute
existence,existence
global,overall
professeur,teacher
tendance,tendency
dommage,Shame
note,note
maximum,maximum
moteur,engine
version,version
relatif,relative
mercredi,Wednesday
sinon,Otherwise
entreprendre,undertake
couple,couple
profond,deep
etc,etc
retraite,retirement
sortie,exit
promesse,promise
entretenir,maintain
habiter,live
quartier,neighborhood
art,art
accueillir,to welcome
vivant,alive
rire,laugh
avocat,lawyer
crainte,fear
commettre,commit
soutien,support
facilement,easily
urgence,emergency
jeter,throw
religieux,religious
analyse,analysis
disponible,available
regard,glance
enlever,to remove
analyser,analyze
mariage,marriage
couleur,color
sauver,save
conclusion,conclusion
bleu,blue
dehors,out
remercier,thank
actif,active
parlementaire,parliamentary
fil,thread
collectif,collective
excellent,excellent
moral,moral
habitude,habit
code,coded
puissant,powerful
recueillir,collect
fabriquer,make
accident,accident
extraordinaire,extraordinary
dimanche,Sunday
envie,envy
enregistrer,save
rare,rare
parc,park
sud,south
efficace,effective
moderne,modern
voter,vote
nourrir,to feed
exceptionnel,exceptional
rechercher,to research
palestinien,Palestinian
bras,arm
producteur,producer
garantir,to guarantee
geste,gesture
roman,novel
augmentation,increase
lendemain,the following day
policier,police officer
pratiquer,practice
facteur,postman
vingt,twenty
revoir,goodbye
retard,delay
renforcer,to strenghten
silence,silence
perspective,perspective
qualifier,to qualify
absolu,absolute
bateau,boat
troupe,troop
course,race
exercice,exercise
fondamental,fundamental
visage,face
printemps,spring
machine,machine
village,village
britannique,British
surveiller,to watch
droite,RIGHT
organisme,body
bataille,battle
port,port
naissance,birth
majeur,major
accomplir,accomplish
circuit,circuit
terrible,terrible
exigence,requirement
froid,cold
chapitre,chapter
quotidien,daily
clairement,clearly
inspirer,inspire
permanent,permanent
juge,judge
joindre,join
juillet,July
ordinaire,ordinary
candidat,candidate
rapprocher,bring closer
russe,Russian
justement,exactly
habitant,inhabitant
formule,formula
mur,wall
tribunal,court
fier,proud
manger,eat
soulever,raise
travailleur,worker
journaliste,journalist
marque,brand
utilisation,use
offre,offer
habituel,usual
survivre,survive
populaire,popular
dirigeant,leader
participation,participation
totalement,totally
constitution,constitution
informer,inform
fou,mad
attacher,attach
renouveler,renew
asseoir,Sit
samedi,SATURDAY
transfert,transfer
renoncer,give up
roi,king
soi,self
oh,Oh
foi,faith
motif,pattern
plaindre,complain
tradition,tradition
net,net
victoire,victory
concours,competition
institut,institute
visiter,to visit
tentative,attempt
largement,widely
aboutir,achieve
vent,wind
technologie,technology
inquiet,worried
obstacle,obstacle
affecter,affect
revanche,revenge
ressembler,look like
station,station
uniquement,uniquely
supporter,support
mine,mine
ah,oh
favoriser,to favor
avion,plane
minimum,minimum
criminel,criminal
photo,photo
solide,solid
navire,ship
centaine,hundred
explication,explanation
transmettre,to transmit
appareil,device
correspondre,match
associer,associate
trait,line
bois,drink
publication,publication
symbole,symbol
consommation,consumption
courage,courage
identifier,identify
entretien,interview
encourager,encourage
reconnaissance,acknowledgement
signaler,report
division,division
contexte,context
coupable,guilty
favorable,favorable
amendement,amendment
attribuer,assign
courir,run
examen,exam
personnage,character
obligation,obligation
inconnu,unknown
montant,Rising
tableau,painting
exclure,exclude
meurtre,murder
exemplaire,copy
final,final
site,site
ouverture,opening
baisse,drop
mandat,mandate
quinze,fifteen
vide,empty
statut,Status
essai,essay
pareil,The same
italien,Italian
interrompre,interrupt
au-dessus,above
agence,agency
usine,factory
unir,unite
sourire,smile
sommet,summit
franchir,cross
comportement,behavior
rang,rank
vague,wave
culturel,cultural
sol,ground
d'autant,especially
leader,leader
taille,size
vertu,virtue
distance,distance
automne,autumn
vision,vision
investir,invest
diminuer,decrease
contenu,content
entourer,surround
juif,Jewish
conduite,conduct
convention,convention
prolonger,extend
verser,pour
essentiellement,basically
communiquer,communicate
approche,approach
bruit,noise
radio,radio
prudent,careful
vol,flight
marcher,to walk
tiers,third party
syndicat,union
occidental,western
suffisant,sufficient
ciel,sky
tromper,deceive
modeste,modest
aborder,to land
malheureusement,Unfortunately
interne,internal
voire,even
seconde,second
messieurs,gentlemen
effectivement,Effectively
gaz,gas
acteur,actor
adapter,adapt
souci,worry
expert,expert
relativement,relatively
comparer,compare
cour,court
provenir,arise from
conscient,aware
patient,patient
notion,notion
hausse,rise
diviser,divide
traditionnel,traditional
quart,quarter
approcher,approach
trafic,traffic
catholique,Catholic
adulte,adult
reprocher,to reproach
modification,modification
peser,to weigh
foyer,hearth
mari,husband
supprimer,DELETE
douter,doubt
hiver,winter
sexuel,sexual
consulter,to consult
renseignement,information
ressentir,to feel
fonctionnement,functioning
parfait,Perfect
incapable,unable
universel,universal
jeunesse,youth
voler,fly
menace,threat
inutile,useless
refus,refusal
poisson,fish
avouer,to confess to
saluer,greet
fer,iron
familial,family
prisonnier,prisoner
enseignement,education
dizaine,ten
dessus,above
calcul,calculation
fonctionnaire,official
instruction,instruction
pratiquement,practically
oser,to dare
rassembler,gather
achever,finish
fiscal,tax
corriger,to correct
volume,volume
exportation,export
prier,pray
trente,thirty
dominer,dominate
pur,pure
instrument,instrument
tort,wrong
hauteur,height
critiquer,criticize
autorisation,authorisation
assurance,insurance
drogue,drug
concret,concrete
attaque,attack
rythme,pace
approuver,approve
douze,twelve
juridique,legal
espagnol,Spanish
saison,season
percevoir,perceive
relier,relate
financement,funding
dos,back
consommateur,consumer
volontaire,voluntary
finance,finance
indien,Indian
persuader,persuade
annuel,annual
commentaire,comment
marier,marry
spectacle,show
pari,bet
ouest,west
sexe,sex
eh,eh
recours,appeal
accent,accent
introduire,introduce
communiste,Communist
couverture,blanket
religion,religion
appui,support
concert,concert
saint,Holy
descendre,to come down
marge,margin
abri,shelter
recette,recipe
vigueur,force
patron,boss
soleil,sun
ennemi,enemy
bourse,sotck exchange
dimension,dimension
baser,base
dialogue,dialogue
circuler,circulate
porte-parole,spokesperson
outil,tool
vacance,holiday
suffisamment,enough
front,forehead
suspendre,to suspend
montagne,mountain
apparemment,apparently
magasin,store
commissaire,commissioner
calme,calm
ouvrage,work
cabinet,office
chien,dog
indispensable,essential
conversation,conversation
surface,surface
surveillance,monitoring
euro,euro
phase,phase
confusion,confusion
bombe,bomb
bilan,balance sheet
immense,immense
massif,massive
chute,fall
constant,constant
contrairement,contrary to
pierre,rock
socialiste,socialist
sain,healthy
financer,finance
nier,deny
sort,spell
fortement,strongly
doter,endow
contribution,contribution
profondeur,depth
test,test
potentiel,potential
agricole,agricultural
intellectuel,intellectual
essence,essence
pencher,lean
coin,corner
tension,tension
don,Don
artiste,artist
achat,purchase
mentionner,mention
uniforme,uniform
exploiter,exploit
administratif,administrative
effectif,effective
communautaire,community
individuel,individual
distinguer,distinguish
original,original
surprise,surprise
veiller,watch over
dette,debt
capitale,capital city
faciliter,facilitate
chanter,sing
pension,pension
revue,review
clore,close
neige,snow
figure,figure
masse,mass
maintien,maintenance
prestation,benefit
catastrophe,disaster
ressortir,come out
susceptible,susceptible
manifestation,demonstration
dormir,sleep
lit,bed
bouche,mouth
excuse,excuse
veille,day before
content,thrilled
exploitation,exploitation
triste,sad
latin,Latin
classique,classic
alliance,alliance
trace,trace
logement,accommodation
rassurer,to reassure
plainte,complaint
chaud,hot
taire,to hush up
judiciaire,judicial
progresser,progress
langage,language
confronter,to confront
strict,strict
club,club
ouvrier,worker
souffrance,suffering
observation,observation
secours,relief
passion,passion
rupture,breakup
office,office
compliquer,complicate
assumer,to assume
immeuble,building
rendez-vous,appointment
argument,argument
partiel,partial
attentat,attack
boire,drink
richesse,wealth
caisse,box
hasard,chance
maire,mayor
incident,incident
annonce,announcement
oreille,ear
foutre,cum
apercevoir,to notice
bouger,to move
foule,crowd
isoler,isolate
pont,bridge
tenue,outfit
animer,animate
norme,standard
piste,track
hommage,tribute
match,match
statistique,statistical
gouvernemental,governmental
distribution,distribution
scandale,scandal
pointe,point
chinois,Chinese
billet,ticket
choc,shock
proportion,proportion
irakien,Iraqi
briser,to break
destruction,destruction
reculer,to move back
gardien,guardian
adresse,address
canal,channel
conservateur,conservative
ouais,Yeah
transporter,carry
monnaie,cash
quelconque,any
courrier,mail
grandir,to grow
doigt,finger
illustrer,illustrate
poche,poached
transmission,transmission
honte,shame
faiblesse,weakness
presser,squeeze
affronter,confront
bonheur,happiness
formuler,formulate
crier,shout
firme,firm
plonger,dive
fuir,flee
chercheur,searcher
inventer,invent
principalement,mostly
prudence,caution
stade,stadium
liaison,connection
varier,vary
ordonner,to order
bonjour,Good morning
morale,moral
contester,challenge
semblable,similar
consultation,consultation
multiplier,multiply
dame,lady
joie,joy
durable,sustainable
faim,hunger
recommander,recommend
concept,concept
cerveau,brain
truc,thing
excuser,excuse
arabe,Arab
diffuser,broadcast
inclure,include
scolaire,school
style,style
combler,to fill in
annuler,Cancel
joueur,player
bloquer,to block
ombre,shadow
guider,to guide
bien,GOOD
sport,sport
climat,climate
douleur,pain
issue,outcome
absent,absent
talent,talent
normalement,Normally
raisonnable,reasonable
blesser,hurt
orientation,orientation
remarque,REMARK
secondaire,secondary
reporter,postpone
partisan,partisan
distinction,distinction
impact,impact
grec,Greek
naturellement,naturally
collaboration,collaboration
procurer,procure
officier,officer
magazine,magazine
s'efforcer,strive
tragique,tragic
anniversaire,birthday
issu,from
poursuite,pursuit
remarquable,outstanding
infirmier,male nurse
fuite,leak
conviction,conviction
nettement,clearly
consommer,consume
installation,facility
innocent,innocent
fameux,famous
cultiver,cultivate
gouverner,govern
jouir,enjoy
parcourir,Browse
bloc,block
seuil,threshold
doux,soft
classer,to classify
audience,audience
multiple,multiple
phrase,sentence
croissant,croissant
hein,eh
disparition,disappearance
dynamique,dynamic
renverser,to spill
trouble,trouble
provisoire,provisional
adolescent,teenager
dessiner,draw
rompre,to break up
agriculture,agriculture
aventure,adventure
armer,arm
volet,shutter
prime,prime
gouverneur,governor
japonais,Japanese
emmener,take away
alimentaire,eating
occupation,occupation
lecteur,drive
dresser,to draw up
conception,design
afficher,display
marin,marine
satisfaction,satisfaction
survenir,occur
arbre,TREE
univers,universe
fragile,fragile
sauter,jump
chasse,hunting
garantie,guarantee
morceau,piece
discipline,discipline
explosion,blast
peau,skin
commande,order
orienter,orient
reproduire,reproduce
radical,radical
diffusion,diffusion
paragraphe,paragraph
copie,copy
enseigner,teach
magnifique,Magnificent
initial,initial
indice,hint
promotion,promotion
section,section
chanson,song
pair,peer
contraindre,constrain
trancher,to slice
branche,branch
punir,to punish
repartir,to share out
cellule,cell
uni,United
retarder,to delay
option,option
laboratoire,laboratory
coucher,to sleep
connexion,connection
profession,occupation
rumeur,rumor
mien,mine
plat,flat
maman,Mom
philosophie,philosophy
verre,glass
docteur,doctor
incertitude,uncertainty
urgent,urgent
trou,hole
mental,mental
provincial,provincial
hausser,raise
probable,likely
signature,signature
croiser,cross
plastique,plastic
casser,to break
voyager,to travel
courageux,brave
autonome,autonomous
satellite,satellite
municipal,municipal
salut,Hi
songer,to think
enfance,childhood
ordinateur,computer
merveilleux,wonderful
sien,his
commenter,comment
inciter,encourage
urbain,urban
pluie,rain
anticiper,anticipate
cheval,horse
avertir,warn
enceinte,pregnant
substance,substance
soigner,cure
suicide,suicide
revendication,claim
incroyable,amazing
sondage,survey
mineur,minor
composition,composition
invitation,invitation
concurrent,competitor
suisse,Swiss
accusation,charge
paiement,payment
comparaison,comparison
musulman,Muslim
dispositif,device
constitutionnel,constitutional
franchement,Frankly
tarder,delay
refaire,redo
pleurer,cry
immigration,immigration
contrainte,constraint
cercle,circle
importation,import
tonne,tonne
dieu,God
cancer,cancer
perdu,lost
visiteur,visitor
remporter,win
rond,round
cinquante,fifty
drame,drama
visible,visible
intense,intense
instance,instance
ambition,ambition
recourir,resort
sanction,sanction
haine,hate
jardin,garden
nourriture,food
engendrer,generate
infrastructure,infrastructure
adversaire,opponent
africain,African
mobile,mobile
significatif,significant
circulation,traffic
cotisation,contribution
entente,agreement
royal,royal
ralentir,to slow down
cadeau,gift
affirmation,affirmation
cheveu,hair
louer,to rent out
gars,guys
fleur,flower
agriculteur,farmer
destination,destination
vin,wine
soudain,suddenly
balle,ball
inflation,inflation
sec,dry
enfermer,lock up
fabrication,manufacturing
paysan,peasant
transition,transition
humanitaire,humanitarian
adoption,adoption
adorer,love
abattre,fell
session,session
entamer,start
purement,purely
enjeu,stake
passager,passenger
transformation,transformation
appartement,apartment
enrichir,enrich
restaurant,restaurant
calculer,calculate
discrimination,discrimination
certitude,certainty
huile,oil
autonomie,autonomy
sac,bag
stock,stock
destin,fate
compromettre,to compromise
arracher,to tear out
sombre,dark
barre,rod
contradiction,contradiction
invoquer,invoke
concentration,concentration
remise,discount
mec,dude
violer,violate
restreindre,restrict
officiellement,officially
chasser,chase
personnellement,personally
projeter,project
fortune,fortune
malheureux,unfortunate
merde,shit
entrepreneur,entrepreneur
exposition,exposure
marchand,merchant
cri,shout
combattant,fighter
autrefois,formerly
surmonter,overcome
marchandise,merchandise
autochtone,indigenous
heureusement,Fortunately
digne,worthy
guide,guide
tabac,tobacco
rendement,yield
continent,continent
pleinement,fully
joli,pretty
promouvoir,promote
ampleur,magnitude
innovation,innovation
confondre,to confuse
tournant,turning
fusion,merger
record,record
excessif,excessive
ridicule,ridiculous
automobile,automobile
fondation,foundation
terroriste,terrorist
retrait,withdrawal
organe,organ
protocole,protocol
paquet,pack
gain,gain
sonner,ring
protester,protest
curieux,curious
effacer,to erase
apparition,appearance
allusion,allusion
lancement,launch
porteur,carrier
programmer,program
domicile,residence
creuser,dig
quarante,forty
sacrifice,sacrifice
biais,bias
feuille,leaf
oiseau,bird
librement,freely
taxe,tax
onze,eleven
serrer,to squeeze
champion,champion
inverse,reverse
intituler,title
possession,possession
rejet,rejection
enseignant,teacher
papa,dad
collaborateur,collaborater
technicien,technician
cycle,cycle
accumuler,accumulate
sauvage,savage
impressionnant,impressive
gratuit,free
jambe,leg
alcool,alcohol
week-end,weekend
regrouper,gather
militant,activist
insuffisant,insufficient
blessure,injury
midi,noon
disque,disk
couche,layer
dater,date
participant,participant
recommencer,restart
race,breed
vivement,strongly
habituer,get used to
circonscription,constituency
debout,standing
influencer,influence
recul,hindsight
amoureux,lover
mortel,deadly
horizon,horizon
subvention,grant
formel,formal
aggraver,aggravate
flux,flow
alimenter,feed
intelligent,clever
absurde,absurd
quelques-uns,some
lait,milk
tenant,holding
stable,stable
capitaine,captain
solliciter,solicit
convoquer,convene
dicter,to dictate
utilisateur,user
obligatoire,OBLIGATORY
terminal,terminal
choquer,chock
primaire,primary
vital,vital
terrestre,earthly
patrimoine,heritage
conforme,compliant
adjoint,assistant
ultime,ultimate
rarement,rarely
couler,to flow
amuser,amuse
satisfaisant,satisfying
accueil,welcome
camion,truck
douloureux,painful
glisser,slide
indication,indication
parisien,Parisian
psychologique,psychological
profil,profile
rater,miss
tranquille,calm
registre,register
contemporain,contemporary
exclusif,exclusive
performance,performance
angle,corner
divorce,divorce
fermeture,closing
respectif,respective
constamment,constantly
horreur,horror
envahir,to invade
brillant,bright
pacte,pact
suspect,suspicious
affaiblir,weaken
assistance,assistance
injuste,unfair
plaider,plead
suppression,deletion
coupure,cutoff
lent,slow
gare,station
drapeau,flag
jaune,YELLOW
existant,existing
procureur,prosecutor
informatique,computer science
glace,ice
pacifique,peaceful
indicateur,indicator
racine,root
compenser,compensate for
maritime,maritime
restriction,restriction
civilisation,civilization
rouler,to roll
technologique,technological
football,soccer
approprier,appropriate
tactique,tactical
heurter,to hit
acceptable,acceptable
surgir,arise
prince,prince
semer,sow
partenariat,partnership
correct,correct
cuisine,kitchen
royaume,kingdom
rebelle,rebel
provenance,origin
file,file
dessin,drawing
viande,meat
dessous,below
voyageur,traveler
condamnation,conviction
fumer,to smoke
employeur,employer
paysage,landscape
discret,discreet
longueur,length
lentement,slowly
miracle,miracle
similaire,similar
expansion,expansion
mutuel,mutual
sage,wise
commandement,commandment
correspondant,corresponding
pause,break
sacrifier,sacrifice
chimique,chemical
combiner,combine
touriste,tourist
ravir,delight
grimper,climb
filet,net
atomique,atomic
contribuable,taxpayer
progressivement,gradually
progression,progression
nez,nose
pardon,pardon
progressif,progressive
portrait,portrait
valable,valid
coordination,coordination
inacceptable,unacceptable
rose,pink
compromis,compromise
investisseur,investor
abandon,abandonment
identique,identical
sportif,sporty
mensonge,lie
meurtrier,murderer
rigoureux,rigorous
mentir,lie
exploser,explode
ambassadeur,ambassador
observateur,observer
accessoire,accessory
acquisition,acquisition
tranche,slice
inspecteur,inspector
tissu,fabric
souverain,sovereign
distinct,distinct
survie,survival
plage,beach
repousser,repel
plante,plant
nuire,harm
putain,whore
imagination,imagination
directive,directive
adaptation,adaptation
persister,persist
coalition,coalition
diplomatique,diplomatic
excellence,Excellency
apparence,appearance
oriental,Oriental
rural,rural
embarquer,embark
formidable,tremendous
tas,heap
parcours,course
disputer,argue
malheur,misfortune
aube,dawn
salon,living room
infliger,inflict
repos,rest
inhabituel,unusual
interdiction,prohibition
consentir,consent
variable,variable
contradictoire,contradictory
cible,target
volontiers,gladly
fauteuil,armchair
couloir,corridor
enthousiasme,enthusiasm
exclusivement,exclusively
pointer,point
assassiner,murder
optimiste,optimistic
instaurer,establish
revendiquer,claim
secouer,shake
bizarre,weird
abus,abuse
amateur,amateur
regret,regret
trimestre,quarter
onde,wave
spatial,spatial
brut,raw
vache,cow
accroissement,increase
aise,easy
agression,assault
loisir,leisure
chaleur,heat
ranger,tidy
partage,sharing
gris,gray
quasi,almost
description,description
serbe,Serbian
biologique,biological
universitaire,university
s'emparer,seize
neutre,neutral
trahir,to betray
intelligence,intelligence
admirer,admire
licence,Licence
rigueur,rigor
maternel,maternal
dent,tooth
palais,palace
belge,Belgian
brutal,brutal
extraire,extract
signification,meaning
filer,spin
automatique,automatic
pain,bread
plateau,plateau
diminution,decrease
collection,collection
accrocher,hang
reine,queen
privatisation,privatization
correspondance,correspondence
planter,plant
strictement,strictly
permanence,permanence
compensation,compensation
con,idiot
combinaison,combination
injustice,injustice
reportage,reporting
violation,breach
soucier,worry
plafond,ceiling
camarade,comrade
traduction,translation
mobiliser,mobilize
encadrer,frame
gentil,kind
folie,madness
terrorisme,terrorism
illusion,illusion
portefeuille,wallet
piloter,pilot
aliment,food
alimentation,food
pomme,apple
vider,empty
attentif,attentive
coordonner,to coordinate
larme,tear
sourd,deaf
cigarette,cigarette
uranium,uranium
honorer,to honour
entrevue,interview
ressort,spring
fixe,fixed
artificiel,artificial
plaque,plate
enterrer,bury
robe,dress
recouvrir,cover
pente,slope
album,album
mixte,mixed
clinique,clinical
spectateur,spectator
refuge,refuge
chasseur,hunter
peinture,paint
axe,axis
grand-chose,much
temporaire,temporary
affiche,poster
massacre,massacre
crucial,crucial
marine,Marine
cadavre,corpse
fleuve,river
toit,roof
transparence,transparency
redevenir,become again
fondateur,founder
charte,charter
amorcer,initiate
succession,succession
simplifier,simplify
briller,shine
ambitieux,ambitious
sale,dirty
consentement,consent
calmer,calm
mythe,myth
alternative,alternative
soulager,relieve
scrutin,ballot
bouleverser,upset
introduction,introduction
dramatique,dramatic
vaincre,defeat
chapeau,hat
renseigner,to inform
ordonnance,prescription
aile,wing
coupe,cut
rayon,Ray
boulot,job
correctement,correctly
colonne,column
arranger,arrange
lointain,distant
danser,to dance
charbon,coal
promener,to take a walk
colline,hill
transaction,transaction
passionner,to fascinate
bancaire,banking
calendrier,calendar
repas,meal
cul,ass
vouer,vow
surprenant,surprising
paradis,heaven
banlieue,suburb
tourisme,tourism
gravement,seriously
infraction,offense
tir,shot
envoi,sending
arrangement,arrangement
transparent,transparent
collaborer,collaborate
danse,dance
tester,test
proclamer,proclaim
genou,knee
dominant,dominant
pardonner,forgive
vain,vain
coller,stick
monopole,monopoly
approfondir,deepen
incendie,fire
bouteille,bottle
championnat,championship
souffler,blow
pourcentage,percentage
permis,permit
proprement,properly
enfoncer,to press in
clandestin,clandestine
dit,said
encontre,against
syndical,union
deviner,guess
tracer,trace
sagesse,wisdom
baiser,kiss
super,great
user,user
pilote,pilot
objection,objection
correction,correction
vocation,vocation
facture,Invoice
enfer,hell
luxe,luxury
nomination,nomination
poster,to post
bar,bar
publiquement,publicly
relancer,relaunch
comparable,comparable
sympathie,sympathy
structurel,structural
dispenser,to dispense
copain,boyfriend
aligner,align
absorber,absorb
gueule,mouth
freiner,brake
rattraper,catch up
compagnon,companion
bassin,basin
rage,rage
enregistrement,registration
respirer,breathe
dictature,dictatorship
acheteur,Buyer
fondement,foundation
spirituel,spiritual
fournisseur,supplier
unanime,unanimous
agiter,shake
lot,batch
nazi,Nazi
col,collar
impressionner,impress
accessible,accessible
dedans,inside
loger,house
ouvertement,openly
patience,patience
stimuler,stimulate
classement,ranking
arrestation,arrest
longuement,at length
agressif,aggressive
grandeur,greatness
conducteur,driver
pollution,pollution
islamique,Islamic
dissimuler,hide
chronique,chronic
rappel,reminder
fabricant,maker
ethnique,ethnic
attribution,attribution
interlocuteur,interlocutor
souple,flexible
faillite,bankruptcy
touchant,touching
hostile,hostile
annexe,Annex
abuser,abuse
aveugle,blind
jurer,swear
vingtaine,around twenty
imprimer,to print
musicien,musician
embrasser,to kiss
surplus,surplus
rembourser,repay
routier,road
citation,quote
reconstruction,reconstruction
retomber,fall back
pourvoir,provide
francophone,French speaking
souffle,breath
lac,lake
enveloppe,envelope
extension,extension
s'effondrer,collapse
souhait,wish
cibler,target
additionnel,additional
douzaine,dozen
turc,Turkish
incertain,uncertain
consensus,consensus
anonyme,anonymous
avertissement,warning
mondialisation,globalization
conventionnel,conventional
romain,Roman
chat,cat
finale,final
mademoiselle,miss
ventre,belly
soixante,sixty
originaire,originating
interrogation,interrogation
voile,veil
accentuer,accentuate
rattacher,attach
manuel,manual
contracter,contract
territorial,territorial
subsister,subsist
passif,passive
voleur,thief
centrale,central
usager,user
musical,musical
allumer,to light up
disperser,disperse
fichier,file
quelquefois,sometimes
optique,optical
maximal,maximum
permission,permission
contourner,get around
interview,interview
humeur,mood
demandeur,applicant
horrible,horrible
encouragement,encouragement
motiver,motivate
plier,bend
homologue,counterpart
successif,successive
manifestement,obviously
olympique,Olympic
horaire,hourly
propice,auspicious
explorer,explore
nu,naked
reproduction,reproduction
abaisser,to lower
divergence,divergence
restant,remaining
inscription,registration
approvisionnement,supply
nuage,cloud
institutionnel,institutional
vendeur,seller
acquitter,acquit
intervalle,interval
coutume,custom
quiconque,anyone
panique,panic
abriter,shelter
bulletin,newsletter
flotte,fleet
fatiguer,tired
interface,interface
administrateur,administrator
doucement,gently
quoique,though
projection,projection
treize,thirteen
tarif,rate
remplacement,replacement
devise,currency
optimisme,optimism
chanteur,singer
antenne,antenna
queue,tail
durement,hard
applaudir,applaud
sucre,sugar
prioritaire,priority
chair,flesh
suggestion,suggestion
sable,sand
corruption,corruption
chaos,chaos
fusil,gun
taper,type
odeur,smell
identification,identification
substantiel,substantial
asiatique,Asian
photographie,photography
exclusion,exclusion
tribune,tribune
historien,historian
aspiration,suction
tentation,temptation
gloire,glory
vanter,boast
coincer,stuck
silencieux,silent
continu,continuous
chantier,construction site
seize,sixteen
ennui,boredom
pompier,firefighter
inspection,inspection
convertir,convert
pouce,thumb
croyance,belief
survivant,survivor
applicable,applicable
acier,steel
vainqueur,winner
sud-est,South East
brancher,connect
concession,concession
assassinat,assassination
rive,shore
conjoint,spouse
fermement,firmly
redonner,give back
assortir,match
change,exchange
grain,grain
malaise,faintness
restaurer,restore
ambassade,embassy
miroir,mirror
star,star
restructuration,restructuring
proie,prey
domination,domination
otage,hostage
moquer,mock
allier,ally
couvert,covered
spectaculaire,spectacular
placement,placement
difficilement,with difficulty
grille,grid
vieillir,to get old
abord,on board
exigeant,demanding
primitif,primitive
demi-heure,half hour
mention,mention
pertinent,relevant
actionnaire,shareholder
emprisonner,to jail
raisonnement,reasoning
lune,moon
quai,dock
cruel,cruel
quatorze,fourteen
redouter,to dread
monstre,monster
impasse,dead end
contredire,contradict
atelier,workshop
amical,friendly
empire,empire
redresser,to sort out
ramasser,pick up
politicien,politician
acheminer,convey
propagande,propaganda
colonie,colony
invisible,invisible
savant,learned
terreur,terror
recruter,recruit
conformer,conform
virus,virus
reconnaissant,grateful
infini,infinity
tunnel,tunnel
cousin,cousin
puiser,draw
ajuster,adjust
inattendu,unexpected
automatiquement,automatically
balance,balance
pompe,pump
contestation,CONTESTATION
sommeil,sleep
frein,brake
candidature,candidacy
armement,armament
iranien,Iranian
stupide,stupid
inspiration,inspiration
surpris,surprised
interpeller,to call out
symbolique,symbolic
pavillon,flag
sensation,sensation
troubler,to disrupt
angoisse,anguish
chaise,chair
pape,Pope
emprunt,loan
clause,clause
clef,key
tombe,fall
hautement,highly
blocage,blocking
faille,fault
fouiller,rummage
respectivement,respectively
intime,respondent
cerner,to surround
manche,sleeve
gamin,kid
temple,temple
arbitrage,arbitration
boucler,buckle
induire,induce
solitude,solitude
miner,undermine
superbe,stunning
gonfler,swell
missile,missile
minuit,midnight
veuf,widower
trame,frame
bain,bath
composante,component
instituer,institute
format,format
estimation,estimate
mutation,mutation
imminent,imminent
esclave,slave
marocain,Moroccan
menu,menu
imaginaire,imaginary
administrer,administer
atteinte,achievement
racheter,redeem
guise,as you wish
scandaleux,scandalous
nominal,nominal
manipuler,manipulate
peiner,toil
ennuyer,annoy
noble,noble
hebdomadaire,weekly
approbation,approval
protestant,Protestant
faisceau,beam
regagner,regain
renouvellement,renewal
pilier,pillar
animateur,animator
multinational,multinational
jouet,toy
complice,partner in crime
toile,cloth
laver,wash
empreinte,footprint
faillir,fail
passeport,passport
creux,hollow
homosexuel,homosexual
forum,forum
via,via
coter,rate
livraison,delivery
attachement,attachment
liquide,liquid
gamme,range
motivation,motivation
demeure,remains
geler,freeze
peintre,painter
volontairement,voluntarily
protestation,protest
cap,cape
raide,steep
maigre,skinny
artistique,artistic
aspirer,strive
magique,Magic
quasiment,nearly
allure,allure
deuil,grief
islamiste,Islamist
habituellement,usually
cynique,cynical
environnemental,environmental
constructeur,constructor
peindre,to paint
idiot,silly
querelle,quarrel
colonel,colonel
flic,cop
solitaire,lonely
herbe,grass
s'acharner,to persist
bombardement,bombing raid
explosif,explosive
singulier,singular
capitalisme,capitalism
suspension,suspension
mince,thin
assimiler,assimilate
plume,feather
publicitaire,advertising
bagage,luggage
opter,opt
habiller,dress
trajet,route
sinistre,sinister
pis,worse
reconstruire,rebuild
tueur,killer
tournoi,tournament
incarner,embody
douane,customs
domestique,domestic
soucieux,worried
dix-huit,eighteen
brusquement,suddenly
flamme,flame
alerte,alert
renforcement,reinforcement
immobilier,real estate
certificat,certificate
contaminer,contaminate
ange,angel
perception,perception
philosophe,philosopher
planche,plank
fiction,fiction
boisson,beverage
tirage,draw
habitation,dwelling
imposition,taxation
ajustement,adjustment
virer,fire
postal,postal
perturber,disturb
oncle,uncle
viol,rape
princesse,princess
gosse,kid
carburant,fuel
canon,cannon
prometteur,promising
apprentissage,learning
soi-disant,supposedly
culte,worship
salarial,salary
abolir,abolish
ruine,ruin
percer,drill
rassemblement,gathering
chaussure,shoe
soigneusement,thoroughly
pot,jar
impulsion,impulse
physiquement,physically
minimal,minimal
malentendu,misunderstanding
implanter,implant
descendant,descending
politiquement,politically
crever,die
interruption,interruption
patrie,country
ex,ex
studio,studio
prescrire,prescribe
polonais,Polish
tribu,tribe
apaiser,appease
familier,familiar
exhorter,urge
quinzaine,fortnight
globe,world
impatience,impatience
logiciel,software
visiblement,visibly
suicider,commit suicide
paralyser,paralyze
charme,charm
atout,asset
portugais,Portuguese
nord-ouest,North West
affaiblissement,weakening
renvoi,referral
peupler,populate
cauchemar,nightmare
venue,coming
ballon,ball
balayer,sweep
affrontement,confrontation
expulser,expel
resserrer,tighten
activement,actively
abstenir,abstain
compassion,compassion
couronne,crown
plancher,floor
trentaine,thirty
escalier,stairs
barrage,dam
descente,descent
effondrement,collapse
encaisser,cash in
baptiser,baptize
incompatible,incompatible
bienvenu,welcome
support,support
conjoncture,conjuncture
baie,bay
carnet,notebook
banc,bench
assise,seated
tiens,hold
vedette,featured
intervenant,speaker
contrer,to counter
nerveux,nervous
assaut,assault
architecte,architect
arbitraire,arbitrary
vraisemblablement,probably
propagation,spread
masculin,male
imiter,imitate
embaucher,to hire
couteau,knife
arbitre,arbitrator
manteau,coat
implication,involvement
reflet,reflection
primordial,primordial
rideau,curtain
manipulation,handling
piquer,sting
assiette,plate
rival,rival
refermer,close
confus,confused
reconstituer,reconstitute
gigantesque,gigantic
chant,singing
diplomatie,diplomacy
lieutenant,lieutenant
indirect,indirect
apte,apt
sud-ouest,South West
envergure,wingspan
touche,touch
sous-marin,submarine
acheminement,forwarding
assassin,assassin
confirmation,confirmation
tapis,carpet
corde,rope
notable,notable
rationnel,rational
externe,external
endormir,fall asleep
boutique,shop
autoroute,highway
divin,divine
explicite,explicit
par-dessus,Above
tailler,prune
apparent,apparent
s'enfuir,flee
assistant,assistant
portion,portion
allocation,allocation
quota,quota
dix-sept,seventeen
allonger,lengthen
chauffeur,driver
bourgeois,bourgeois
touristique,sightseeing
obscur,obscure
cou,neck
invention,invention
boucle,loop
redire,repeat
consultatif,advisory
torturer,torture
carton,cardboard
effrayer,scare
flou,vague
favori,favorite
noyau,core
brandir,brandish
repenser,rethink
timide,shy
insulter,insult
saut,leap
audition,hearing
programmation,programming
justification,justification
amende,fine
transit,transit
organisateur,organizer
galerie,gallery
conservation,conservation
char,tank
masquer,hide
masque,mask
manifestant,protester
festival,festival
radicalement,radically
franchise,franchise
propager,propagate
rectifier,rectify
tennis,tennis
avenue,avenue
axer,ax
vierge,virgin
vengeance,revenge
rapprochement,reconciliation
confession,confession
suspens,suspense
meuble,furniture
agenda,diary
phare,Lighthouse
virtuel,virtual
gagnant,winner
nettoyer,to clean
poing,fist
tante,aunt
chemise,shirt
pile,stack
diagnostic,diagnostic
douceur,candy
attester,attest
attraper,catch
prestigieux,prestigious
kilo,kilo
ruiner,ruin
nullement,in no way
incorporer,to incorporate
ficher,file
censure,censorship
croix,cross
accompli,accomplished
terriblement,terribly
invasion,invasion
orange,orange
jury,jury
linguistique,linguistic
rallier,rally
roue,wheel
barrer,bar
assigner,assign
constat,observation
communisme,Communism
dynamisme,dynamism
flagrant,blatant
souhaitable,desirable
loup,wolf
concerter,to consult
subit,undergoes
diplomate,Diplomat
paire,pair
essuyer,to wipe
exporter,export
reconduire,renew
handicap,disability
bonsoir,Good evening
joue,plays
autrui,others
bousculer,hustle
conversion,conversion
patte,paw
planifier,to plan
casque,helmet
tardif,late
natal,native
humour,humor
transitoire,transient
cabine,cabin
fardeau,burden
apport,bring
remboursement,refund
fondre,melt
occurrence,occurrence
authentique,authentic
attentivement,carefully
irlandais,Irish
confortable,comfortable
fonctionnel,functional
panne,breakdown
adieu,farewell
entre-temps,in the meantime
au-dessous,below
litre,liter
suivi,follow up
variation,variation
productif,productive
groupement,group
impuissant,powerless
restauration,restoration
souscrire,subscribe
modernisation,modernization
suffrage,vote
joyeux,happy
concilier,conciliate
tristesse,sadness
diable,devil
sombrer,sink
photographe,photographer
libanais,Lebanese
archives,archives
asile,asylum
rapporteur,rapporteur
indemnisation,compensation
harceler,harass
honteux,ashamed
leadership,leadership
portable,portable
qualification,qualification
insulte,insult
planer,hover
stage,internship
cahier,notebook
exil,exile
artisan,artisan
rassurant,reassuring
composant,component
hurler,to yell
yen,yen
gras,fat
statue,statue
frappe,struck
efficacement,effectively
golfe,gulf
ambiance,atmosphere
bus,bus
industrialiser,industrialize
charmant,charming
marginal,marginal
comptable,an accountant
isolement,isolation
porc,pork
appartenance,membership
constructif,constructive
minime,minimal
volant,flying
mobilisation,mobilization
racisme,racism
mairie,city ??hall
aptitude,aptitude
ralentissement,slow-down
convaincant,convincing
sou,penny
analyste,analyst
grossier,rude
sauvetage,rescue
pervers,pervert
sensiblement,noticeably
noyer,walnut
ignorance,ignoring
sceptique,skeptical
voiler,to veil
capter,capture
s'envoler,fly away
pasteur,pastor
activer,enable
chimie,chemistry
serment,oath
yougoslave,Yugoslavian
explicitement,explicitly
alerter,to alert
vigilance,vigilance
rock,rock
naviguer,navigate
revers,reverse
aviation,aviation
souplesse,flexibility
respectueux,respectful
trahison,treason
sursis,reprieve
techniquement,technically
os,bone
cote,side
contingent,quota
dictionnaire,dictionary
instruire,educate
inconscient,unconscious
chaleureux,warm
vitre,window
fantastique,fantastic
soustraire,to subtract
instable,unstable
vapeur,steam
beurre,butter
monument,monument
courbe,curve
consolider,consolidate
muet,mute
contrevenant,offender
offensive,offensive
oral,oral
coder,code
gel,freeze
controverse,controversial
routine,routine
relais,relay
opposant,opponent
aval,downstream
rubrique,section
provocation,provocation
filial,filial
versant,slope
grossesse,pregnancy
timbre,stamp
distributeur,distributer
sommaire,summary
colonial,colonial
pourparlers,talks
incidence,impact
fiable,reliable
vingt-quatre,twenty four
audacieux,bold
poudre,powder
teneur,content
inverser,reverse
naval,naval
vocabulaire,vocabulary
stabiliser,stabilize
centrer,center
alentour,surroundings
corrompre,to bribe
poitrine,chest
couronner,crown
relire,reread
sympathique,friendly
mouton,sheep
omettre,omit
typique,typical
concurrentiel,competitive
doctrine,doctrine
quotidiennement,daily
architecture,architecture
massacrer,massacre
englober,encompass
grossir,grow bigger
sortant,outgoing
plomb,lead
s'attarder,linger
nationaliste,nationalist
exportateur,exporter
montre,watch
ratifier,ratify
gorge,throat
exploit,feat
encourageant,encouraging
aviser,advise
alarme,alarm
parier,to bet
lunette,telescope
climatique,climate
confidentiel,confidential
sanctionner,sanction
recrutement,recruitment
entourage,entourage
autobus,bus
admiration,admiration
acide,acid
banal,banal
poulet,chicken
toilette,toilet
brigade,brigade
trembler,to shiver
civiliser,civilize
relance,RELAUNCH
dose,dose
distorsion,distortion
octroyer,grant
arrivant,arriving
standard,standard
taxi,Taxi
limitation,limitation
loyer,rent
furieux,furious
verbal,verbal
contacter,contact
commissariat,police station
gai,cheerful
confrontation,confrontation
chier,take a dump
fatal,fatal
rude,harsh
panneau,sign
atlantique,Atlantic
successeur,successor
replier,fold
dictateur,dictator
initialement,initially
avaler,swallow
extraction,extraction
banquier,banker
stabilisation,stabilization
mutuellement,mutually
lacune,gap
engin,machine
titulaire,holder
cloche,Bell
compatriote,compatriot
affection,affection
sel,salt
majoritaire,majority
minoritaire,minority
paradoxe,paradox
chiffrer,encrypt
catastrophique,catastrophic
magistrat,magistrate
extrait,extract
redressement,recovery
farce,prank call
enthousiaste,enthusiastic
quarantaine,quarantine
sous-sol,basement
rat,rat
flot,flow
amant,lover
partiellement,partially
radioactif,radioactive
passe,pass
location,rental
innocence,innocence
mordre,to bite
messe,mass
torture,torture
protecteur,protective
rayonnement,radiation
bijou,jewel
danseur,dancer
expertise,expertise
minier,mining
vitrine,showcase
valise,suitcase
vocal,vocal
combustible,combustible
tisser,weave
poule,chicken
punition,punishment
rentable,profitable
loyal,loyal
renfort,reinforcement
souris,mouse
bombarder,bomb
semestre,semester
croyant,believer
brutalement,brutally
lourdement,heavily
tente,tent
goutte,drop
moine,monk
vice,vice
symboliser,symbolize
substituer,substitute
commandant,commanding officer
chuter,fall
basculer,to fall over
gestionnaire,administrator
redoutable,formidable
subtil,subtle
alourdir,to become heavier
jumeau,twin
confiant,confident
immigrant,immigrant
intact,intact
vigoureux,vigorous
pendre,hang
incliner,tilt
affreux,awful
conte,tale
ironie,irony
serveur,server
bannir,ban
insuffisance,insufficiency
librairie,library
philosophique,philosophical
miser,bet
boursier,scholarship holder
substitution,substitution
parer,parry
avantageux,advantageous
handicaper,handicap
filmer,film
perdant,losing
altitude,altitude
imputer,impute
plaisanter,kidding
nord-est,northeast
desservir,serve
connerie,bullshit
sanglant,bloody
coude,elbow
report,postponement
mensuel,monthly
globalement,globally
convenable,suitable
purger,purge
repasser,iron
aucunement,in no way
palier,landing
prochainement,shortly
costume,suit
reproche,reproach
alternatif,alternative
soulagement,relief
dissoudre,dissolve
avalanche,avalanche
mark,mark
incitation,incentive
conjugal,marital
visa,Visa
vingt-cinq,twenty five
score,score
renier,deny
juridiction,jurisdiction
prostitution,prostitution
fiche,form
gendarme,constable
entraver,hinder
sous-estimer,underestimate
embargo,embargo
interdit,forbidden
brouillard,fog
syrien,Syrian
jet,jet
occupant,occupant
ponctuel,punctual
manuscrit,manuscript
panier,basket
immobile,motionless
passionnant,exciting
bouton,button
immigrer,immigrate
tache,stain
tendresse,tenderness
slogan,slogan
fromage,cheese
toxique,toxic
advenir,happen
pharmaceutique,pharmaceutical
parfum,scent
antique,antique
instinct,instinct
insupportable,intolerable
opportun,timely
parquet,parquet
navigation,navigation
contrarier,annoy
nouer,tie
barreau,bar
cinquantaine,fifty
improviser,improvise
auto,car
troupeau,herd
gendarmerie,gendarmerie
frustration,frustration
analogue,similar
venu,came
ironique,ironic
sonore,sound
initier,initiate
cessez-le-feu,ceasefire
boue,mud
sanitaire,sanitary
empereur,emperor
dissiper,dispel
liquider,liquidate
maintenance,maintenance
pneu,tire
fraude,fraud
entrevoir,glimpse
stipuler,to stipulate
flotter,float
fraction,fraction
coton,cotton
conditionnel,conditional
nuance,shade
improbable,unlikely
conjointement,jointly
impatient,impatient
versement,payment
bosser,work
articuler,articulate
successivement,successively
bordel,mess
provision,provision
amplifier,amplify
ceinture,belt
intergouvernemental,intergovernmental
mexicain,Mexican
saisonnier,seasonal
souterrain,underground
merveille,wonder
restituer,restore
balancer,swing
seigneur,lord
infiniment,infinitely
acquis,acquired
glissement,slip
auditeur,listener
indirectement,indirectly
obtention,obtaining
grandissant,growing
chagrin,grief
chocolat,chocolate
soupe,soup
bravo,well done
concitoyen,fellow citizen
lumineux,luminous
signataire,signatory
ski,ski
douanier,customs officer
syndrome,syndrome
borner,limit
triompher,triumph
complot,conspiracy
soumission,submission
continuellement,continually
romancier,novelist
sorcier,Wizard
consigne,order
harmonie,harmony
pleuvoir,rain
innombrable,innumerable
lance,spear
blond,blond
diversifier,to diversify
fatigue,fatigue
comte,county
amer,bitter
orchestre,orchestra
est,East
envelopper,wrap
troublant,disturbing
foncier,land
fouet,whip
baigner,bathe
fixation,fixation
encadrement,management
photographier,photograph
moderniser,modernize
incomber,to incumb
solde,pay
bouleversement,upheaval
relater,to relate
chiite,Shi'ite
rayer,scratch
coulisse,slide
instituteur,teacher
emplacement,location
copier,to copy
inculper,charge
renouveau,renewal
ratification,ratification
documentation,documentation
logiquement,logically
spectre,spectrum
rouvrir,reopen
harmoniser,harmonize
mou,soft
venger,revenge
basque,Basque
soif,thirsty
accumulation,accumulation
solaire,solar
essor,boom
autoritaire,authoritarian
aimable,kind
pantalon,pants
anormal,unnatural
emmerder,annoy
inondation,flood
poumon,lung
humble,humble
perturbation,disturbance
brouiller,blur
illustration,drawing
aveu,confession
fermier,farmer
hanter,haunt
cordon,cord
lasser,tire
influer,to influence
stopper,stop
kurde,Kurdish
amusant,amusing
tremblement,tremor
rail,rail
fondamentalement,fundamentally
lampe,lamp
plate-forme,platform
triple,triple
supplier,to beg
multiplication,multiplication
camoufler,camouflage
diamant,diamond
guerrier,warrior
comique,comical
planification,planning
regroupement,grouping
odieux,odious
figer,freeze
nocturne,nocturnal
configuration,configuration
escompter,discount
intensif,intensive
scepticisme,skepticism
poil,hair
minimiser,minimize
murmurer,whisper
implantation,implantation
replacer,replace
Islam,Islam
trottoir,sidewalk
vieillard,old man
fillette,little girl
enchanter,enchant
singe,monkey
superficiel,superficial
rigide,rigid
fourniture,supply
taxer,tax
milice,militia
foire,fair
borne,thick headed
organique,organic
exclu,excluded
boucher,butcher
commencement,beginning
licenciement,dismissal
chancelier,chancellor
retenue,detention
exiler,exile
rocher,rock
regrettable,regrettable
droguer,drug
plaie,wound
confort,comfort
tube,tube
coffre,chest
intimider,intimidate
connecter,connect
notoire,notorious
graphique,chart
annulation,cancelation
acceptation,acceptance
textile,textile
forger,to forge
chirurgien,surgeon
orage,thunderstorm
boule,ball
hall,lobby
visuel,visual
hormis,except
jadis,formerly
fasciner,fascinate
dilemme,dilemma
progressiste,progressive
semblant,pretend
ours,bear
duc,duke
raciste,racist
stress,stress
inexistant,non-existent
danois,Danish
retrancher,remove
renfermer,enclose
vieillesse,old age
traditionnellement,traditionally
batterie,battery
foie,liver
gratuitement,free
navette,shuttle
blague,joke
inaugurer,inaugurate
repli,fallback
contrepartie,consideration
proportionnel,proportional
boulevard,boulevard
triomphe,triumph
serre,tight
convoi,convoy
aboutissement,outcome
psychologie,psychology
maltraiter,mistreat
puits,well
humide,humid
terrien,earthling
continental,continental
embauche,hiring
verdict,verdict
dix-neuf,nineteen
micro,microphone
frustrer,frustrate
anglo-saxon,Anglo-Saxon
questionner,to question
injecter,inject
guetter,to watch
exploration,exploration
caresser,caress
hymne,anthem
famine,famine
couramment,fluently
caution,bail
affectation,assignment
salaud,bastard
cave,cellar
bond,jump
enclin,inclined
foudre,lightning
justesse,accuracy
rente,annuity
clan,clan
garage,garage
romantique,romantic
vulgaire,vulgar
nettoyage,cleaning
militer,campaign
jungle,jungle
case,box
craquer,crack
soixante-dix,seventy
clarifier,clarify
traite,treaty
oubli,oversight
distant,distant
montage,assembly
claquer,slam
insensible,insensitive
buter,abut
bulle,bubble
promoteur,promoter
albanais,Albanian
obsession,obsession
exciter,excite
savoir-faire,expertise
vendu,sold
munition,ammunition
capturer,capture
compliment,compliment
voisinage,neighborhood
scandaliser,scandalize
cassette,cassette
s'empresser,hurry
inonder,flood
sonder,probe
vigilant,vigilant
allouer,allocate
cage,cage
golf,golf
forestier,forest
hum,hum
ravager,ravage
ensuivre,follow
ajourner,adjourn
viable,viable
cochon,pig
racial,racial
atroce,atrocious
civique,civic
ancrer,anchor
raccrocher,to hang up
cirque,circus
barbare,barbaric
confiner,to confine
agrandir,enlarge
occasionner,cause
malin,clever
performant,efficient
audiovisuel,audio-visual
cuire,cook
raser,to shave
ha,Ha
revivre,relive
piano,piano
concertation,consultation
vaisseau,vessel
interaction,interaction
sillage,wake
synonyme,synonymous
hisser,hoist
comble,attic
pessimiste,pessimistic
insignifiant,insignificant
solidaire,united
ferroviaire,railway
bosniaque,Bosnian
agitation,hustle
exode,Exodus
aire,area
socialisme,socialism
harmonisation,harmonization
provisoirement,temporarily
cocktail,cocktail
moyenne,average
rigoler,to laugh
orgueil,pride
compression,compression
